{"cameraMode":{"drawMode":0,"name":"Shaded","section":"Shading Mode"},"sceneLighting":false,"audioPlay":false,"sceneViewState":{"showFog":true,"showMaterialUpdate":false,"showSkybox":false,"showFlares":true,"showImageEffects":true,"showParticleSystems":true},"in2DMode":false,"pivot":{"x":-0.10301828384399414,"y":0.29220402240753176,"z":0.4125383198261261},"rotation":{"x":-0.04369593784213066,"y":-0.9515394568443298,"z":0.2590566575527191,"w":-0.16047729551792146},"size":0.024492863565683366,"orthographic":false}