{"cameraMode":{"drawMode":0,"name":"Shaded","section":"Shading Mode"},"sceneLighting":true,"audioPlay":false,"sceneViewState":{"showFog":true,"showMaterialUpdate":false,"showSkybox":true,"showFlares":true,"showImageEffects":true,"showParticleSystems":true},"in2DMode":false,"pivot":{"x":-0.3260478377342224,"y":-0.70376056432724,"z":-4.622265815734863},"rotation":{"x":-0.00836644321680069,"y":0.9749788045883179,"z":-0.22006866335868836,"w":-0.03538407385349274},"size":3.9464099407196047,"orthographic":false}