{"cameraMode":{"drawMode":0,"name":"Shaded","section":"Shading Mode"},"sceneLighting":false,"audioPlay":false,"sceneViewState":{"showFog":true,"showMaterialUpdate":false,"showSkybox":false,"showFlares":true,"showImageEffects":true,"showParticleSystems":true},"in2DMode":false,"pivot":{"x":-0.02083178609609604,"y":-0.0028756558895111086,"z":0.0979519933462143},"rotation":{"x":0.17833362519741059,"y":-0.7022193670272827,"z":0.1889285445213318,"w":0.6629083156585693},"size":0.17811289429664613,"orthographic":false}