{"cameraMode":{"drawMode":0,"name":"Shaded","section":"Shading Mode"},"sceneLighting":true,"audioPlay":false,"sceneViewState":{"showFog":true,"showMaterialUpdate":false,"showSkybox":true,"showFlares":true,"showImageEffects":true,"showParticleSystems":true},"in2DMode":false,"pivot":{"x":0.850497841835022,"y":1.9131566286087037,"z":1.6745833158493043},"rotation":{"x":-0.03195534646511078,"y":0.9476768970489502,"z":0.09951086342334748,"w":0.30213287472724917},"size":0.18450142443180085,"orthographic":false}