{"cameraMode":{"drawMode":0,"name":"Shaded","section":"Shading Mode"},"sceneLighting":true,"audioPlay":false,"sceneViewState":{"showFog":true,"showMaterialUpdate":false,"showSkybox":true,"showFlares":true,"showImageEffects":true,"showParticleSystems":true},"in2DMode":false,"pivot":{"x":-3.9030158519744875,"y":-1.4652824401855469,"z":6.553694248199463},"rotation":{"x":-0.27839311957359316,"y":-0.14171771705150605,"z":0.04155965521931648,"w":-0.9491358399391174},"size":2.90435528755188,"orthographic":false}