{"cameraMode":{"drawMode":0,"name":"Shaded","section":"Shading Mode"},"sceneLighting":true,"audioPlay":false,"sceneViewState":{"showFog":true,"showMaterialUpdate":false,"showSkybox":true,"showFlares":true,"showImageEffects":true,"showParticleSystems":true},"in2DMode":false,"pivot":{"x":3.005527973175049,"y":-3.0267415046691896,"z":14.464099884033204},"rotation":{"x":-0.16447904706001283,"y":-0.13647069036960603,"z":0.021011147648096086,"w":-0.9770561456680298},"size":7.809229850769043,"orthographic":false}